[{"alumno": {"id": 3, "legajo": 1232, "nombre": "bart", "apellido": "Simpson"}, "tema": {"numero": 2, "nombre": "UML", "enunciado": "qwertyyuiop"}}, {"alumno": {"id": 6, "legajo": 123, "nombre": "homero", "apellido": "Simpson"}, "tema": {"numero": 5, "nombre": "protocolo HTTP", "enunciado": "qwertyyuiop"}}, {"alumno": {"id": 7, "legajo": 1123, "nombre": "homero", "apellido": "Simpson"}, "tema": {"numero": 2, "nombre": "UML", "enunciado": "qwertyyuiop"}}, {"alumno": {"id": 8, "legajo": 116, "nombre": "Ned", "apellido": "Flanders"}, "tema": {"numero": 4, "nombre": "APIs", "enunciado": "qwertyyuiop"}}]